Workbook

Sheet ตัวคูณ
A2: ฐาน | B2: 0.01
A3: ปรับฐาน | B3: 0.01

Sheet BEST
A1: =ตัวคูณ!B2 -> 0.01
A2: Origin-Destination | B2: 33 | C2: 34.00-34.99 | D2: 35.00-35.99 | E2: 36.00-36.99 | F2: 37.00-37.99 | G2: 38.00-38.99 | H2: 39.00-39.99 | I2: 40.00-40.99 | J2: 41.00-41.99 | K2: 42.00-42.99 | L2: 43.00-43.99 | M2: 44.00-44.99 | N2: 45.00-45.99 | O2: 46.00-46.99 | P2: 47.00-47.99 | Q2: 48.00-48.99 | R2: 49.00-49.99 | S2: 50.00-50.99 | T2: 51.00-51.99 | U2: 52.00-52.99 | V2: 53.00-53.99 | W2: 54.00-54.99 | X2: 55.00-55.99 | Y2: 56.00-56.99 | Z2: 57.00-57.99 | AA2: 58.00-58.99 | AB2: 59.00-59.99 | AC2: 60.00-60.99 | AD2: 61.00-61.99 | AE2: 62.00-62.99 | AF2: 63.00-63.99 | AG2: 64.00-64.99 | AH2: 65.00-65.99 | AI2: 66.00-66.99 | AJ2: 67.00-67.99 | AK2: 68.00-68.99 | AL2: 69.00-69.99 | AM2: 70.00-70.99 | AN2: 71.00-71.99 | AO2: 72.00-72.99 | AP2: 73.00-73.99 | AQ2: 74.00-74.99 | AR2: 75.00-75.99 | AS2: 76.00-76.99 | AT2: 77.00-77.99 | AU2: 78.00-78.99 | AV2: 79.00-79.99 | AW2: 80.00-80.99 | AX2: 81.00-81.99 | AY2: 82.00-82.99 | AZ2: 83.00-83.99 | BA2: 84.00-84.99 | BB2: 85.00-85.99 | BC2: 86.00-86.99 | BD2: 87.00-87.99 | BE2: 88.00-88.99 | BF2: 89.00-89.99 | BG2: 90.00-90.99 | BH2: 91.00-91.99 | BI2: 92.00-92.99 | BJ2: 93.00-93.99 | BK2: 94.00-94.99 | BL2: 95.00-95.99 | BM2: 96.00-96.99 | BN2: 97.00-97.99 | BO2: 98.00-98.99 | BP2: 99.00-99.99 | BQ2: 100.00-100.99 | BR2: 101.00-101.99 | BS2: 102.00-102.99 | BT2: 103.00-103.99 | BU2: 104.00-104.99 | BV2: 105.00-105.99 | BW2: 106.00-106.99 | BX2: 107.00-107.99 | BY2: 108.00-108.99 | BZ2: 109.00-109.99 | CA2: 110.00-110.99 | CB2: 111.00-111.99 | CC2: 112.00-112.99 | CD2: 113.00-113.99 | CE2: 114.00-114.99 | CF2: 115.00-115.99 | CG2: 116.00-116.99 | CH2: 117.00-117.99 | CI2: 118.00-118.99 | CJ2: 119.00-119.99 | CK2: 120.00-120.99 | CL2: 121.00-121.99 | CM2: 122.00-122.99
A3: BKK-LPT | B3: 12300 | C3: =(B3*4%)+B3 -> 12792 | D3: =(C3*ตัวคูณ!$B$2)+C3 -> 12919.92 | E3: =(D3*ตัวคูณ!$B$2)+D3 -> 13049.119 | F3: =(E3*ตัวคูณ!$B$2)+E3 -> 13179.61 | G3: =(F3*ตัวคูณ!$B$2)+F3 -> 13311.406 | H3: =(G3*ตัวคูณ!$B$2)+G3 -> 13444.521 | I3: =(H3*ตัวคูณ!$B$2)+H3 -> 13578.966 | J3: =(I3*ตัวคูณ!$B$2)+I3 -> 13714.755 | K3: =(J3*ตัวคูณ!$B$2)+J3 -> 13851.903 | ... CM3: =(CL3*ตัวคูณ!$B$2)+CL3 -> 30705.724
A4: BKK-KKC | B4: 9000 | C4: =(B4*4%)+B4 -> 9360 | D4: =(C4*ตัวคูณ!$B$2)+C4 -> 9453.6 | E4: =(D4*ตัวคูณ!$B$2)+D4 -> 9548.136 | F4: =(E4*ตัวคูณ!$B$2)+E4 -> 9643.6174 | G4: =(F4*ตัวคูณ!$B$2)+F4 -> 9740.0535 | H4: =(G4*ตัวคูณ!$B$2)+G4 -> 9837.4541 | I4: =(H4*ตัวคูณ!$B$2)+H4 -> 9935.8286 | J4: =(I4*ตัวคูณ!$B$2)+I4 -> 10035.187 | K4: =(J4*ตัวคูณ!$B$2)+J4 -> 10135.539 | ... CM4: =(CL4*ตัวคูณ!$B$2)+CL4 -> 22467.603
A5: BKK-HDY | B5: 18000 | C5: =(B5*4%)+B5 -> 18720 | D5: =(C5*ตัวคูณ!$B$2)+C5 -> 18907.2 | E5: =(D5*ตัวคูณ!$B$2)+D5 -> 19096.272 | F5: =(E5*ตัวคูณ!$B$2)+E5 -> 19287.235 | G5: =(F5*ตัวคูณ!$B$2)+F5 -> 19480.107 | H5: =(G5*ตัวคูณ!$B$2)+G5 -> 19674.908 | I5: =(H5*ตัวคูณ!$B$2)+H5 -> 19871.657 | J5: =(I5*ตัวคูณ!$B$2)+I5 -> 20070.374 | K5: =(J5*ตัวคูณ!$B$2)+J5 -> 20271.078 | ... CM5: =(CL5*ตัวคูณ!$B$2)+CL5 -> 44935.206
A6: LPT-PHS | B6: 4300 | C6: =(B6*4%)+B6 -> 4472 | D6: =(C6*ตัวคูณ!$B$2)+C6 -> 4516.72 | E6: =(D6*ตัวคูณ!$B$2)+D6 -> 4561.8872 | F6: =(E6*ตัวคูณ!$B$2)+E6 -> 4607.5061 | G6: =(F6*ตัวคูณ!$B$2)+F6 -> 4653.5811 | H6: =(G6*ตัวคูณ!$B$2)+G6 -> 4700.1169 | I6: =(H6*ตัวคูณ!$B$2)+H6 -> 4747.1181 | J6: =(I6*ตัวคูณ!$B$2)+I6 -> 4794.5893 | K6: =(J6*ตัวคูณ!$B$2)+J6 -> 4842.5352 | ... CM6: =(CL6*ตัวคูณ!$B$2)+CL6 -> 10734.521
A9: ตัวคูณ | B9: =ตัวคูณ!B3 -> 0.01
A10: Origin-Destination | B10: 33 | C10: 34.00-34.99 | D10: 35.00-35.99 | E10: 36.00-36.99 | F10: 37.00-37.99 | G10: 38.00-38.99 | H10: 39.00-39.99 | I10: 40.00-40.99 | J10: 41.00-41.99 | K10: 42.00-42.99 | L10: 43.00-43.99 | M10: 44.00-44.99 | N10: 45.00-45.99 | O10: 46.00-46.99 | P10: 47.00-47.99 | Q10: 48.00-48.99 | R10: 49.00-49.99 | S10: 50.00-50.99 | T10: 51.00-51.99 | U10: 52.00-52.99 | V10: 53.00-53.99 | W10: 54.00-54.99 | X10: 55.00-55.99 | Y10: 56.00-56.99 | Z10: 57.00-57.99 | AA10: 58.00-58.99 | AB10: 59.00-59.99 | AC10: 60.00-60.99 | AD10: 61.00-61.99 | AE10: 62.00-62.99 | AF10: 63.00-63.99 | AG10: 64.00-64.99 | AH10: 65.00-65.99 | AI10: 66.00-66.99 | AJ10: 67.00-67.99 | AK10: 68.00-68.99 | AL10: 69.00-69.99 | AM10: 70.00-70.99 | AN10: 71.00-71.99 | AO10: 72.00-72.99 | AP10: 73.00-73.99 | AQ10: 74.00-74.99 | AR10: 75.00-75.99 | AS10: 76.00-76.99 | AT10: 77.00-77.99 | AU10: 78.00-78.99 | AV10: 79.00-79.99 | AW10: 80.00-80.99 | AX10: 81.00-81.99 | AY10: 82.00-82.99 | AZ10: 83.00-83.99 | BA10: 84.00-84.99 | BB10: 85.00-85.99 | BC10: 86.00-86.99 | BD10: 87.00-87.99 | BE10: 88.00-88.99 | BF10: 89.00-89.99 | BG10: 90.00-90.99 | BH10: 91.00-91.99 | BI10: 92.00-92.99 | BJ10: 93.00-93.99 | BK10: 94.00-94.99 | BL10: 95.00-95.99 | BM10: 96.00-96.99 | BN10: 97.00-97.99 | BO10: 98.00-98.99 | BP10: 99.00-99.99 | BQ10: 100.00-100.99 | BR10: 101.00-101.99 | BS10: 102.00-102.99 | BT10: 103.00-103.99 | BU10: 104.00-104.99 | BV10: 105.00-105.99 | BW10: 106.00-106.99 | BX10: 107.00-107.99 | BY10: 108.00-108.99 | BZ10: 109.00-109.99 | CA10: 110.00-110.99 | CB10: 111.00-111.99 | CC10: 112.00-112.99 | CD10: 113.00-113.99 | CE10: 114.00-114.99 | CF10: 115.00-115.99 | CG10: 116.00-116.99 | CH10: 117.00-117.99 | CI10: 118.00-118.99 | CJ10: 119.00-119.99 | CK10: 120.00-120.99 | CL10: 121.00-121.99 | CM10: 122.00-122.99
A11: BKK-LPT | B11: 12300 | C11: =(B11*4%)+B11 -> 12792 | D11: =(C11*ตัวคูณ!$B$3)+C11 -> 12919.92 | E11: =(D11*ตัวคูณ!$B$3)+D11 -> 13049.119 | F11: =(E11*ตัวคูณ!$B$3)+E11 -> 13179.61 | G11: =(F11*ตัวคูณ!$B$3)+F11 -> 13311.406 | H11: =(G11*ตัวคูณ!$B$3)+G11 -> 13444.521 | I11: =(H11*ตัวคูณ!$B$3)+H11 -> 13578.966 | J11: =(I11*ตัวคูณ!$B$3)+I11 -> 13714.755 | K11: =(J11*ตัวคูณ!$B$3)+J11 -> 13851.903 | ... CM11: =(CL11*ตัวคูณ!$B$3)+CL11 -> 30705.724
A12: BKK-KKC | B12: 9000 | C12: =(B12*4%)+B12 -> 9360 | D12: =(C12*ตัวคูณ!$B$3)+C12 -> 9453.6 | E12: =(D12*ตัวคูณ!$B$3)+D12 -> 9548.136 | F12: =(E12*ตัวคูณ!$B$3)+E12 -> 9643.6174 | G12: =(F12*ตัวคูณ!$B$3)+F12 -> 9740.0535 | H12: =(G12*ตัวคูณ!$B$3)+G12 -> 9837.4541 | I12: =(H12*ตัวคูณ!$B$3)+H12 -> 9935.8286 | J12: =(I12*ตัวคูณ!$B$3)+I12 -> 10035.187 | K12: =(J12*ตัวคูณ!$B$3)+J12 -> 10135.539 | ... CM12: =(CL12*ตัวคูณ!$B$3)+CL12 -> 22467.603
A13: BKK-HDY | B13: 18000 | C13: =(B13*4%)+B13 -> 18720 | D13: =(C13*ตัวคูณ!$B$3)+C13 -> 18907.2 | E13: =(D13*ตัวคูณ!$B$3)+D13 -> 19096.272 | F13: =(E13*ตัวคูณ!$B$3)+E13 -> 19287.235 | G13: =(F13*ตัวคูณ!$B$3)+F13 -> 19480.107 | H13: =(G13*ตัวคูณ!$B$3)+G13 -> 19674.908 | I13: =(H13*ตัวคูณ!$B$3)+H13 -> 19871.657 | J13: =(I13*ตัวคูณ!$B$3)+I13 -> 20070.374 | K13: =(J13*ตัวคูณ!$B$3)+J13 -> 20271.078 | ... CM13: =(CL13*ตัวคูณ!$B$3)+CL13 -> 44935.206
A14: LPT-PHS | B14: 4300 | C14: =(B14*4%)+B14 -> 4472 | D14: =(C14*ตัวคูณ!$B$3)+C14 -> 4516.72 | E14: =(D14*ตัวคูณ!$B$3)+D14 -> 4561.8872 | F14: =(E14*ตัวคูณ!$B$3)+E14 -> 4607.5061 | G14: =(F14*ตัวคูณ!$B$3)+F14 -> 4653.5811 | H14: =(G14*ตัวคูณ!$B$3)+G14 -> 4700.1169 | I14: =(H14*ตัวคูณ!$B$3)+H14 -> 4747.1181 | J14: =(I14*ตัวคูณ!$B$3)+I14 -> 4794.5893 | K14: =(J14*ตัวคูณ!$B$3)+J14 -> 4842.5352 | ... CM14: =(CL14*ตัวคูณ!$B$3)+CL14 -> 10734.521
A17: ส่วนต่างระหว่าง | B17: =A1 -> 0.01 | C17: =ตัวคูณ!B3 -> 0.01
A19: Origin-Destination | B19: 33 | C19: 34.00-34.99 | D19: 35.00-35.99 | E19: 36.00-36.99 | F19: 37.00-37.99 | G19: 38.00-38.99 | H19: 39.00-39.99 | I19: 40.00-40.99 | J19: 41.00-41.99 | K19: 42.00-42.99 | L19: 43.00-43.99 | M19: 44.00-44.99 | N19: 45.00-45.99 | O19: 46.00-46.99 | P19: 47.00-47.99 | Q19: 48.00-48.99 | R19: 49.00-49.99 | S19: 50.00-50.99 | T19: 51.00-51.99 | U19: 52.00-52.99 | V19: 53.00-53.99 | W19: 54.00-54.99 | X19: 55.00-55.99 | Y19: 56.00-56.99 | Z19: 57.00-57.99 | AA19: 58.00-58.99 | AB19: 59.00-59.99 | AC19: 60.00-60.99 | AD19: 61.00-61.99 | AE19: 62.00-62.99 | AF19: 63.00-63.99 | AG19: 64.00-64.99 | AH19: 65.00-65.99 | AI19: 66.00-66.99 | AJ19: 67.00-67.99 | AK19: 68.00-68.99 | AL19: 69.00-69.99 | AM19: 70.00-70.99 | AN19: 71.00-71.99 | AO19: 72.00-72.99 | AP19: 73.00-73.99 | AQ19: 74.00-74.99 | AR19: 75.00-75.99 | AS19: 76.00-76.99 | AT19: 77.00-77.99 | AU19: 78.00-78.99 | AV19: 79.00-79.99 | AW19: 80.00-80.99 | AX19: 81.00-81.99 | AY19: 82.00-82.99 | AZ19: 83.00-83.99 | BA19: 84.00-84.99 | BB19: 85.00-85.99 | BC19: 86.00-86.99 | BD19: 87.00-87.99 | BE19: 88.00-88.99 | BF19: 89.00-89.99 | BG19: 90.00-90.99 | BH19: 91.00-91.99 | BI19: 92.00-92.99 | BJ19: 93.00-93.99 | BK19: 94.00-94.99 | BL19: 95.00-95.99 | BM19: 96.00-96.99 | BN19: 97.00-97.99 | BO19: 98.00-98.99 | BP19: 99.00-99.99 | BQ19: 100.00-100.99 | BR19: 101.00-101.99 | BS19: 102.00-102.99 | BT19: 103.00-103.99 | BU19: 104.00-104.99 | BV19: 105.00-105.99 | BW19: 106.00-106.99 | BX19: 107.00-107.99 | BY19: 108.00-108.99 | BZ19: 109.00-109.99 | CA19: 110.00-110.99 | CB19: 111.00-111.99 | CC19: 112.00-112.99 | CD19: 113.00-113.99 | CE19: 114.00-114.99 | CF19: 115.00-115.99 | CG19: 116.00-116.99 | CH19: 117.00-117.99 | CI19: 118.00-118.99 | CJ19: 119.00-119.99 | CK19: 120.00-120.99 | CL19: 121.00-121.99 | CM19: 122.00-122.99
A20: BKK-LPT | B20: 12300 | C20: =C3-C11 -> 0 | D20: =D3-D11 -> 0 | E20: =E3-E11 -> 0 | F20: =F3-F11 -> 0 | G20: =G3-G11 -> 0 | H20: =H3-H11 -> 0 | I20: =I3-I11 -> 0 | J20: =J3-J11 -> 0 | ... CM20: =CM3-CM11 -> 0
A21: BKK-KKC | B21: 9000 | C21: =C4-C12 -> 0 | D21: =D4-D12 -> 0 | E21: =E4-E12 -> 0 | F21: =F4-F12 -> 0 | G21: =G4-G12 -> 0 | H21: =H4-H12 -> 0 | I21: =I4-I12 -> 0 | J21: =J4-J12 -> 0 | ... CM21: =CM4-CM12 -> 0
A22: BKK-HDY | B22: 18000 | C22: =C5-C13 -> 0 | D22: =D5-D13 -> 0 | E22: =E5-E13 -> 0 | F22: =F5-F13 -> 0 | G22: =G5-G13 -> 0 | H22: =H5-H13 -> 0 | I22: =I5-I13 -> 0 | J22: =J5-J13 -> 0 | ... CM22: =CM5-CM13 -> 0
A23: LPT-PHS | B23: 4300 | C23: =C6-C14 -> 0 | D23: =D6-D14 -> 0 | E23: =E6-E14 -> 0 | F23: =F6-F14 -> 0 | G23: =G6-G14 -> 0 | H23: =H6-H14 -> 0 | I23: =I6-I14 -> 0 | J23: =J6-J14 -> 0 | ... CM23: =CM6-CM14 -> 0

Sheet Price Cost
A1: =ตัวคูณ!B2 -> 0.01 | C1: เรทราคาน้ำมัน
A2: ชื่อเส้นทาง | B2: ประเภทรถ | C2: 33 | D2: 34.00-34.99 | E2: 35.00-35.99 | F2: 36.00-36.99 | G2: 37.00-37.99 | H2: 38.00-38.99 | I2: 39.00-39.99 | J2: 40.00-40.99 | K2: 41.00-41.99 | L2: 42.00-42.99 | M2: 43.00-43.99 | N2: 44.00-44.99 | O2: 45.00-45.99 | P2: 46.00-46.99 | Q2: 47.00-47.99 | R2: 48.00-48.99 | S2: 49.00-49.99 | T2: 50.00-50.99 | U2: 51.00-51.99 | V2: 52.00-52.99 | W2: 53.00-53.99 | X2: 54.00-54.99 | Y2: 55.00-55.99 | Z2: 56.00-56.99 | AA2: 57.00-57.99 | AB2: 58.00-58.99 | AC2: 59.00-59.99 | AD2: 60.00-60.99 | AE2: 61.00-61.99 | AF2: 62.00-62.99 | AG2: 63.00-63.99 | AH2: 64.00-64.99 | AI2: 65.00-65.99 | AJ2: 66.00-66.99 | AK2: 67.00-67.99 | AL2: 68.00-68.99 | AM2: 69.00-69.99 | AN2: 70.00-70.99
A3: BKK-HDY | B3: 6W (Single) | C3: 19022.07 | D3: =(C3*4%)+C3 -> 19782.953 | E3: =(D3*ตัวคูณ!$B$2)+D3 -> 19980.782 | F3: =(E3*ตัวคูณ!$B$2)+E3 -> 20180.59 | G3: =(F3*ตัวคูณ!$B$2)+F3 -> 20382.396 | H3: =(G3*ตัวคูณ!$B$2)+G3 -> 20586.22 | I3: =(H3*ตัวคูณ!$B$2)+H3 -> 20792.082 | J3: 21000 | K3: =(J3*ตัวคูณ!$B$2)+J3 -> 21210 | L3: =(K3*ตัวคูณ!$B$2)+K3 -> 21422.1 | M3: =(L3*ตัวคูณ!$B$2)+L3 -> 21636.321 | N3: =(M3*ตัวคูณ!$B$2)+M3 -> 21852.684 | O3: =(N3*ตัวคูณ!$B$2)+N3 -> 22071.211 | P3: =(O3*ตัวคูณ!$B$2)+O3 -> 22291.923 | Q3: =(P3*ตัวคูณ!$B$2)+P3 -> 22514.842 | R3: =(Q3*ตัวคูณ!$B$2)+Q3 -> 22739.991 | ... AN3: =(AM3*ตัวคูณ!$B$2)+AM3 -> 28304.827
A4: BKK-HDY | B4: 6W (Double ) | C4: 20743.11 | D4: =(C4*4%)+C4 -> 21572.834 | E4: =(D4*ตัวคูณ!$B$2)+D4 -> 21788.563 | F4: =(E4*ตัวคูณ!$B$2)+E4 -> 22006.448 | G4: =(F4*ตัวคูณ!$B$2)+F4 -> 22226.513 | H4: =(G4*ตัวคูณ!$B$2)+G4 -> 22448.778 | I4: =(H4*ตัวคูณ!$B$2)+H4 -> 22673.266 | J4: 22900 | K4: =(J4*ตัวคูณ!$B$2)+J4 -> 23129 | L4: =(K4*ตัวคูณ!$B$2)+K4 -> 23360.29 | M4: =(L4*ตัวคูณ!$B$2)+L4 -> 23593.893 | N4: =(M4*ตัวคูณ!$B$2)+M4 -> 23829.832 | O4: =(N4*ตัวคูณ!$B$2)+N4 -> 24068.13 | P4: =(O4*ตัวคูณ!$B$2)+O4 -> 24308.811 | Q4: =(P4*ตัวคูณ!$B$2)+P4 -> 24551.9 | R4: =(Q4*ตัวคูณ!$B$2)+Q4 -> 24797.419 | ... AN4: =(AM4*ตัวคูณ!$B$2)+AM4 -> 30865.74
A5: HDY-BKK | B5: 6W (Double ) | C5: 20743.11 | D5: =(C5*4%)+C5 -> 21572.834 | E5: =(D5*ตัวคูณ!$B$2)+D5 -> 21788.563 | F5: =(E5*ตัวคูณ!$B$2)+E5 -> 22006.448 | G5: =(F5*ตัวคูณ!$B$2)+F5 -> 22226.513 | H5: =(G5*ตัวคูณ!$B$2)+G5 -> 22448.778 | I5: =(H5*ตัวคูณ!$B$2)+H5 -> 22673.266 | J5: 22900 | K5: =(J5*ตัวคูณ!$B$2)+J5 -> 23129 | L5: =(K5*ตัวคูณ!$B$2)+K5 -> 23360.29 | M5: =(L5*ตัวคูณ!$B$2)+L5 -> 23593.893 | N5: =(M5*ตัวคูณ!$B$2)+M5 -> 23829.832 | O5: =(N5*ตัวคูณ!$B$2)+N5 -> 24068.13 | P5: =(O5*ตัวคูณ!$B$2)+O5 -> 24308.811 | Q5: =(P5*ตัวคูณ!$B$2)+P5 -> 24551.9 | R5: =(Q5*ตัวคูณ!$B$2)+Q5 -> 24797.419 | ... AN5: =(AM5*ตัวคูณ!$B$2)+AM5 -> 30865.74
A6: BKK-URT | B6: 6W (Double ) | C6: 11866.15 | D6: =(C6*4%)+C6 -> 12340.796 | E6: =(D6*ตัวคูณ!$B$2)+D6 -> 12464.204 | F6: =(E6*ตัวคูณ!$B$2)+E6 -> 12588.846 | G6: =(F6*ตัวคูณ!$B$2)+F6 -> 12714.734 | H6: =(G6*ตัวคูณ!$B$2)+G6 -> 12841.882 | I6: =(H6*ตัวคูณ!$B$2)+H6 -> 12970.301 | J6: 13100 | K6: =(J6*ตัวคูณ!$B$2)+J6 -> 13231 | L6: =(K6*ตัวคูณ!$B$2)+K6 -> 13363.31 | M6: =(L6*ตัวคูณ!$B$2)+L6 -> 13496.943 | N6: =(M6*ตัวคูณ!$B$2)+M6 -> 13631.913 | O6: =(N6*ตัวคูณ!$B$2)+N6 -> 13768.232 | P6: =(O6*ตัวคูณ!$B$2)+O6 -> 13905.914 | Q6: =(P6*ตัวคูณ!$B$2)+P6 -> 14044.973 | R6: =(Q6*ตัวคูณ!$B$2)+Q6 -> 14185.423 | ... AN6: =(AM6*ตัวคูณ!$B$2)+AM6 -> 17656.821
A7: URT-BKK | B7: 6W (Double ) | C7: 11866.15 | D7: =(C7*4%)+C7 -> 12340.796 | E7: =(D7*ตัวคูณ!$B$2)+D7 -> 12464.204 | F7: =(E7*ตัวคูณ!$B$2)+E7 -> 12588.846 | G7: =(F7*ตัวคูณ!$B$2)+F7 -> 12714.734 | H7: =(G7*ตัวคูณ!$B$2)+G7 -> 12841.882 | I7: =(H7*ตัวคูณ!$B$2)+H7 -> 12970.301 | J7: 13100 | K7: =(J7*ตัวคูณ!$B$2)+J7 -> 13231 | L7: =(K7*ตัวคูณ!$B$2)+K7 -> 13363.31 | M7: =(L7*ตัวคูณ!$B$2)+L7 -> 13496.943 | N7: =(M7*ตัวคูณ!$B$2)+M7 -> 13631.913 | O7: =(N7*ตัวคูณ!$B$2)+N7 -> 13768.232 | P7: =(O7*ตัวคูณ!$B$2)+O7 -> 13905.914 | Q7: =(P7*ตัวคูณ!$B$2)+P7 -> 14044.973 | R7: =(Q7*ตัวคูณ!$B$2)+Q7 -> 14185.423 | ... AN7: =(AM7*ตัวคูณ!$B$2)+AM7 -> 17656.821
A8: BKK-HDY | B8: 14W ( Double ) | C8: 28080.19 | D8: =(C8*4%)+C8 -> 29203.398 | E8: =(D8*ตัวคูณ!$B$2)+D8 -> 29495.432 | F8: =(E8*ตัวคูณ!$B$2)+E8 -> 29790.386 | G8: =(F8*ตัวคูณ!$B$2)+F8 -> 30088.29 | H8: =(G8*ตัวคูณ!$B$2)+G8 -> 30389.173 | I8: =(H8*ตัวคูณ!$B$2)+H8 -> 30693.064 | J8: 31000 | K8: =(J8*ตัวคูณ!$B$2)+J8 -> 31310 | L8: =(K8*ตัวคูณ!$B$2)+K8 -> 31623.1 | M8: =(L8*ตัวคูณ!$B$2)+L8 -> 31939.331 | N8: =(M8*ตัวคูณ!$B$2)+M8 -> 32258.724 | O8: =(N8*ตัวคูณ!$B$2)+N8 -> 32581.312 | P8: =(O8*ตัวคูณ!$B$2)+O8 -> 32907.125 | Q8: =(P8*ตัวคูณ!$B$2)+P8 -> 33236.196 | R8: =(Q8*ตัวคูณ!$B$2)+Q8 -> 33568.558 | ... AN8: =(AM8*ตัวคูณ!$B$2)+AM8 -> 41783.316
A9: HDY-BKK | B9: 14W ( Double ) | C9: 28080.19 | D9: =(C9*4%)+C9 -> 29203.398 | E9: =(D9*ตัวคูณ!$B$2)+D9 -> 29495.432 | F9: =(E9*ตัวคูณ!$B$2)+E9 -> 29790.386 | G9: =(F9*ตัวคูณ!$B$2)+F9 -> 30088.29 | H9: =(G9*ตัวคูณ!$B$2)+G9 -> 30389.173 | I9: =(H9*ตัวคูณ!$B$2)+H9 -> 30693.064 | J9: 31000 | K9: =(J9*ตัวคูณ!$B$2)+J9 -> 31310 | L9: =(K9*ตัวคูณ!$B$2)+K9 -> 31623.1 | M9: =(L9*ตัวคูณ!$B$2)+L9 -> 31939.331 | N9: =(M9*ตัวคูณ!$B$2)+M9 -> 32258.724 | O9: =(N9*ตัวคูณ!$B$2)+N9 -> 32581.312 | P9: =(O9*ตัวคูณ!$B$2)+O9 -> 32907.125 | Q9: =(P9*ตัวคูณ!$B$2)+P9 -> 33236.196 | R9: =(Q9*ตัวคูณ!$B$2)+Q9 -> 33568.558 | ... AN9: =(AM9*ตัวคูณ!$B$2)+AM9 -> 41783.316

Sheet Sheet3
D5: ฐาน | E5: 0.01
D6: ปรับฐาน | E6: 0.01
D7: BKK-LPT | E7: 0.0835 | F7: marjin
D10: ฐาน | E10: 0.01
D11: ปรับฐาน | E11: 0.00434
D12: BKK-KKC | E12: 0.16
